sales_channel,Total_Revenue,Share_Percent
Direct,206431.19,10.078921312142706
Mobile,386532.04,18.8722741741788
Online,615258.13,30.039735172412986
Retail,635929.79,31.049020806678662
Unknown,203996.5,9.96004853458685
